COLLABORATOR_SK,COLLABORATOR_NAME
1,Vincent Vankrunkelsven
2,Alex Yarosh
3,Maham Khan
4,Maggie Matsui
5,Chris Harper
6,Adrián Soto
7,Nick Solomon
8,Francesca Donadoni
9,Mari Nazary
10,Lore Dirick
11,Filip Schouwenaars
12,Joanne Xiong
13,Adel Nehme
14,Justin Saddlemyer
15,Lis Sulmont
16,Richie Cotton
17,Maria Eugenia Inzaugarat
18,Kara Woo
19,Hadrien Lacroix
20,Mona Khalil
21,Alex Kuntz
22,Sumedh Panchadhar
23,Hillary Green-Lerman
24,Michał Oleszak
25,Amina Edmunds
26,Sohail Ahmed
27,Rick Gaston
28,Eunkyung Park
29,Arne Warnke
30,Katerina Zahradova
31,Eduardo Oliveira
32,Constantinos Kalfarentzos
33,Kat Zahradova
34,Jordan Beecher
35,Amy Peterson
36,George Boorman
37,Yashas Roy
38,Sara Snell
39,Ruanne Van Der Walt
40,Sani Yusuf
41,Joe Franklin
42,James Chapman
43,Shon Inouye
44,Izzy Weber
45,Stan Konkin
46,Chester Ismay
47,David Campos
48,Becca Robins
49,Jasmin Ludolf
50,Carl Rosseel
51,Dr. Chester Ismay
52,Iason Prassides
53,Olga Scrivner
54,Francisco Castro
55,Hugo Bowne-Anderson
56,Sara Billen
