INSTRUCTOR_SK,INSTRUCTOR_NAME
1,Joe Franklin
2,Thomas Hossler
3,Ben Schmidt
4,Max Knobbout
5,Michał Oleszak
6,Arne Warnke
7,Timothée Carayol
8,Andrew Collier
9,Weston Bassler
10,James Fulton
11,Dev Bhosale
12,Alexander J. McNeil
13,Kris Boudt
14,David Robinson
15,Jonathan Cornelissen
16,Lyndsay Girard
17,Kevin Feasel
18,Sharon Omwega
19,Konstantinos Kattidis
20,Duncan McKeen
21,Sandro Raabe
22,Elaine McVey
23,Danny Hong
24,Kevin Barlow
25,Joshua Ulrich
26,Kailash Awati
27,Verena Pflieger
28,Kevin James
29,Amy McCarty
30,Iván P.C.
31,Eduardo Oliveira
32,Maarten Van den Broeck
33,Kasey Jones
34,Robert O'Callaghan
35,Stephen Bailey
36,Sergiy Tkachuk
37,Jacob Marquez
38,Ryan Ong
39,Zachary Deane-Mayer
40,Mark Pedigo
41,Violeta Misheva
42,Carl Rosseel
43,Peter Humburg
44,Lore Dirick
45,Paul Savala
46,Esther Montoya van Egerschot
47,Fernando Gonzalez Prada
48,Karolis Urbonas
49,Jeff Schmidt
50,Nikisha Alcindor
51,Matt Pickard
52,Rob J. Hyndman
53,Ginger Grant
54,Meghan Kwartler
55,Ramnath Vaidyanathan
56,Jason Myers
57,Michael Kane
58,Amany Mahfouz
59,Chrissy Bloom
60,Akshay Swaminathan
61,Emilio Silvestri
62,Mahantesh Pattadkal
63,David Svancer
64,Miriam Antona
65,Jo Hardin
66,Heidi Seibold
67,Mine Cetinkaya-Rundel
68,Alex Banks
69,Jasmin Ludolf
70,Korey Stegared-Pace
71,Alex Scriven
72,Shubham Jain
73,Izzy Weber
74,Alex Yarosh
75,Rounak Banik
76,Ines Montani
77,Thushan Ganegedara
78,Iason Prassides
79,Deanna Sanchez
80,Dakota Wixom
81,Michael Crabtree
82,PhD
83,Brian Piccolo
84,Brett Lantz
85,Hank Roark
86,Matt Eckerle
87,Courtney E. Smith
88,Dan Nechita
89,Charlotte Werger
90,Frank Sumanski
91,Gustavo Vieira Sune
92,Nemanja Radojković
93,Davina Moossazadeh
94,Cem Sakarya
95,Erin Buchanan
96,Hakim Elakhrass
97,Dean Smith
98,Luke Pajer
99,Vidhi Chugh
100,Aaren Stubberfield
101,"Dilini K. Sumanapala, PhD"
102,Stefan Jansen
103,Stan Konkin
104,Adel Nehme
105,Katharine Jarmul
106,Dan Becker
107,David Cecchini
108,Chris Holdgraf
109,Rahulraj Singh
110,Moe Lotfy
111,Vin Vashishta
112,Maria Prokofieva
113,Maham Khan
114,Rick Scavetta
115,Tim Sangster
116,Jorge Zazueta
117,Tiago Brasil
118,Evan Kramer
119,Alex Liu
120,Jim White
121,Jake Thompson
122,Shirin Elsinghorst (formerly Glander)
123,Ana Voicu
124,Tyler Pernes
125,Behrang Behjoo
126,Andrew Bray
127,Joanne Xiong
128,Upendra Kumar Devisetty
129,Agata Bak-Geerinck
130,Shalini Kurapati
131,Mary van Valkenburg
132,Adina Howe
133,Amanda Crawford-Adamo
134,Alex Hanna
135,James Chapman
136,Sara Billen
137,Fouad Trad
138,Imtihan Ahmed
139,Sergey Fogelson
140,Sean Benson
141,Dennis Lee
142,Michel Semaan
143,Mona Khalil
144,Margarita Torres
145,John Mount
146,Nina Zumel
147,John Hogue
148,Jess Ahmet
149,Nicholas Strayer
150,Dilini K. Sumanapala
151,Brent Allen
152,Dmitriy Gorenshteyn
153,Florin Angelescu
154,Arnaud Amsellem
155,David Stoffer
156,Nabeel Imam
157,Albert Y. Kim
158,Emily Robinson
159,Filip Schouwenaars
160,Mike Metzger
161,Rich Majerus
162,Alexandre T'Kint
163,Kee Seng Png
164,Hadrien Lacroix
165,Lis Sulmont
166,George Boorman
167,Daniel Tedesco
168,Jonathan Bennion
169,Tiffany Lewis
170,Mike Gelbart
171,Rebeca Gonzalez
172,Yauhen Babakhin
173,Joshua Stapleton
174,Ariel Rokem
175,Adam Spannbauer
176,Azadeh Mobasher
177,Román de las Heras
178,Isaiah Hull
179,Nathan George
180,Amar Suchak
181,Jamsheed Shorish
182,Angeline Corvaglia
183,Alexander Levin
184,Frank Heilmann
185,Anneleen Rummens
186,Riccardo Mancini
187,Ryan Spendelow
188,Raina Hawley
189,Miller Andrés Trujillo Achury
190,Anthony Markham
191,Philipp Kowalski
192,Arturo Opsetmoen Amador
193,Christopher Bruffaerts
194,Julia Ostheimer
195,Gang Wang
196,Khaled Choucri
197,Olga Scrivner
198,Rasmus Bååth
199,Mark Peterson
200,Kelly McConville
201,Elie Kawerk
202,Shayne Miel
203,Francesca Donadoni
204,Jake Roach
205,Emmanuel Pire
206,Meri Nova
207,Miguel Esteban
208,Adam Cowley
209,Daniel Bourke
210,John Blischak
211,Paula Martinez
212,Chelsea Yang
213,Clifford Ang
214,Ilya Kipnis
215,Timo Grossenbacher
216,Maria Eugenia Inzaugarat
217,Colin Gillespie
218,Ryan Hafen
219,Simon Urbanek
220,Logan Thomas
221,Harrison Brown
222,Adam Loy
223,Simla Sivanandan
224,Colin FAY
225,Sani Yusuf
226,David S. Matteson
227,kaelen medeiros
228,Richard Erickson
229,Howard Friedman
230,Maciej Balawejder
231,Hugo Bowne-Anderson
232,Maggie Matsui
233,Richie Cotton
234,DataCamp Content Creator
235,Chris Ramakers
236,Ravi Bhadauria
237,Benjamin Wilson
238,Thomas Laetsch
239,Mina Parham
240,Rob Reider
241,Thomas Vincent
242,Shaumik Daityari
243,Jeroen Boeye
244,Joshua Honken
245,Mary Piper
246,Folkert Stijnman
247,Christina Maimone
248,Charlotte Wickham
249,Jamen Long
250,Nick Edwards
251,Smriti Mishra
252,David Ardia
253,Ross Bennett
254,Sinan Ozdemir
255,Max Kuhn
256,Sowmya Vivek
257,Vivek Vijayaraghavan
258,Darryl Reeves Ph.D
259,Jennifer Brussow
260,Kennedy Behrman
261,Katerina Zahradova
262,Dean Attali
263,Ted Kwartler
